X0,PA0
X1,PA1
X2,PA2
X3,PA3
X4,PA4
X5,PA5
X6,PA6
X7,PA7
X8,PB0
X9,PB1
X10,PB10
X11,PB12
X12,PB13
X13,PB14
X14,PB15
X15,PA8
Y0,PB9
Y1,PB8
Y2,PB7
Y3,PB6
Y4,PB5
Y5,PB4
Y6,PB3
Y7,PA15
Y8,PA14
Y9,PA13
Y10,PA10
PA0,PA0
PA1,PA1
PA2,PA2
PA3,PA3
PA4,PA4
PA5,PA5
PA6,PA6
PA7,PA7
PA8,PA8
PA9,PA9
PA10,PA10
PA11,PA11
PA12,PA12
PA15,PA15
PB0,PB0
PB1,PB1
PB2,PB2
PB3,PB3
PB4,PB4
PB5,PB5
PB6,PB6
PB7,PB7
PB8,PB8
PB9,PB9
PB10,PB10
PB12,PB12
PB13,PB13
PB14,PB14
PB15,PB15
PC0,PC0
PC1,PC1
PC2,PC2
PC3,PC3
PC4,PC4
PC5,PC5
PC6,PC6
PC7,PC7
PC8,PC8
PC9,PC9
PC10,PC10
PC11,PC11
PC12,PC12
PC13,PC13
PC14,PC14
PC15,PC15
PD2,PD2
PH0,PH0
PH1,PH1
LED_GREEN,PA5
LED_ORANGE,PA5
LED_RED,PA5
LED_BLUE,PA4
SW,PC13
USB_VBUS,PA9
USB_DM,PA11
USB_DP,PA12
