PA0,PA0
PA1,PA1
PA2,PA2
PA3,PA3
PA4,PA4
PA5,PA5
PA6,PA6
PA7,PA7
PA8,PA8
PA9,PA9
PA10,PA10
PA11,PA11
PA12,PA12
PA13,PA13
PA14,PA14
PA15,PA15
PB0,PB0
PB1,PB1
PB2,PB2
PB3,PB3
PB4,PB4
PB5,PB5
PB6,PB6
PB7,PB7
PB8,PB8
PB9,PB9
PB10,PB10
PB11,PB11
PB12,PB12
PB13,PB13
PB14,PB14
PB15,PB15
PC0,PC0
PC1,PC1
PC2,PC2
PC3,PC3
PC4,PC4
PC5,PC5
PC6,PC6
PC7,PC7
PC8,PC8
PC9,PC9
PC10,PC10
PC11,PC11
PC12,PC12
PC13,PC13
PC14,PC14
PC15,PC15 
X1,PA0
X2,PA1
X3,PA2
X4,PA3
X5,PA4
X6,PA5
X7,PA6
X8,PA7
X9,PB6
X10,PB7
X11,PC4
X12,PC5
X17,PB3
X18,PC13
X19,PC0
X20,PC1
X21,PC2
X22,PC3
Y1,PC6
Y2,PC7
Y3,PB8
Y4,PB9
Y5,PB12
Y6,PB13
Y7,PB14
Y8,PB15
Y9,PB10
Y10,PB11
Y11,PB0
Y12,PB1
SW,PB3
LED_RED,PA13
LED_GREEN,PA14
LED_YELLOW,PA15
LED_BLUE,PB4
MMA_INT,PB2
MMA_AVDD,PB5
SD_D0,PC8
SD_D1,PC9
SD_D2,PC10
SD_D3,PC11
SD_CMD,PD2
SD_CK,PC12
SD,PA8
SD_SW,PA8
USB_VBUS,PA9
USB_ID,PA10
USB_DM,PA11
USB_DP,PA12
